{
	"configs" : [
		{
			"remarks" : "",
			"id" : "261D07A8AE57D0E291D7F440DAFB46B0",
			"server" : "46.173.215.146",
			"server_port" : 443,
			"server_udp_port" : 0,
			"password" : "http://t.cn/RD0D7sx",
			"method" : "aes-128-ctr",
			"protocol" : "auth_aes128_md5",
			"protocolparam" : "",
			"obfs" : "tls1.2_ticket_auth",
			"obfsparam" : "",
			"remarks_base64" : "",
			"group" : "",
			"enable" : true,
			"udp_over_tcp" : false
		},
		{
			"remarks" : "",
			"id" : "9FB9D9DF35055535E01D7881F83E53DE",
			"server" : "139.162.112.34",
			"server_port" : 38432,
			"server_udp_port" : 0,
			"password" : "YMYJTs3boiPV",
			"method" : "aes-128-ctr",
			"protocol" : "auth_aes128_md5",
			"protocolparam" : "",
			"obfs" : "tls1.2_ticket_auth",
			"obfsparam" : "",
			"remarks_base64" : "",
			"group" : "",
			"enable" : true,
			"udp_over_tcp" : false
		},
		{
			"remarks" : "",
			"id" : "C5E5E709DB70C4768472BBCA6212897C",
			"server" : "139.162.112.34",
			"server_port" : 38433,
			"server_udp_port" : 0,
			"password" : "YMYJTs3boiPV",
			"method" : "aes-256-cfb",
			"protocol" : "origin",
			"protocolparam" : "",
			"obfs" : "plain",
			"obfsparam" : "",
			"remarks_base64" : "",
			"group" : "",
			"enable" : true,
			"udp_over_tcp" : false
		},
		{
			"remarks" : "",
			"id" : "554D9E77978A61B0CDE370F603885977",
			"server" : "45.79.75.86",
			"server_port" : 443,
			"server_udp_port" : 0,
			"password" : "9d6cceaa373bf2c8acb22e60b6a58be6",
			"method" : "aes-256-cfb",
			"protocol" : "origin",
			"protocolparam" : "",
			"obfs" : "plain",
			"obfsparam" : "",
			"remarks_base64" : "",
			"group" : "",
			"enable" : true,
			"udp_over_tcp" : false
		},
		{
			"remarks" : "",
			"id" : "548810660005DC250B4D5B96F54A7E03",
			"server" : "sakura-hkt-v1-hk-03.jcss.pw",
			"server_port" : 277,
			"server_udp_port" : 0,
			"password" : "yingyun",
			"method" : "aes-256-cfb",
			"protocol" : "auth_aes128_sha1",
			"protocolparam" : "",
			"obfs" : "http_simple",
			"obfsparam" : "",
			"remarks_base64" : "",
			"group" : "",
			"enable" : true,
			"udp_over_tcp" : false
		}
	],
	"index" : 0,
	"random" : true,
	"sysProxyMode" : 2,
	"shareOverLan" : false,
	"localPort" : 1080,
	"localAuthPassword" : "yxmmn0DGV7dViWEdtAlF",
	"dnsServer" : "",
	"reconnectTimes" : 2,
	"randomAlgorithm" : 3,
	"randomInGroup" : false,
	"TTL" : 0,
	"connectTimeout" : 5,
	"proxyRuleMode" : 2,
	"proxyEnable" : false,
	"pacDirectGoProxy" : false,
	"proxyType" : 0,
	"proxyHost" : null,
	"proxyPort" : 0,
	"proxyAuthUser" : null,
	"proxyAuthPass" : null,
	"proxyUserAgent" : null,
	"authUser" : null,
	"authPass" : null,
	"autoBan" : false,
	"sameHostForSameTarget" : false,
	"keepVisitTime" : 180,
	"isHideTips" : true,
	"nodeFeedAutoUpdate" : true,
	"serverSubscribes" : [

	],
	"token" : {

	},
	"portMap" : {

	}
}