{
	"150.129.41.210" : {
		"totalUploadBytes" : 308956446,
		"totalDownloadBytes" : 4397090494
	},
	"64.137.201.248" : {
		"totalUploadBytes" : 87440533,
		"totalDownloadBytes" : 1464895341
	},
	"145.239.200.151" : {
		"totalUploadBytes" : 48774055,
		"totalDownloadBytes" : 6241734491
	},
	"128.199.122.213" : {
		"totalUploadBytes" : 200368724,
		"totalDownloadBytes" : 16838524968
	},
	"198.211.112.224" : {
		"totalUploadBytes" : 16385048,
		"totalDownloadBytes" : 210996671
	},
	"138.197.158.242" : {
		"totalUploadBytes" : 327925511,
		"totalDownloadBytes" : 8411013752
	},
	"77.81.234.73" : {
		"totalUploadBytes" : 471378,
		"totalDownloadBytes" : 20094712
	},
	"119.28.11.217" : {
		"totalUploadBytes" : 133759948,
		"totalDownloadBytes" : 737845305
	},
	"119.28.86.135" : {
		"totalUploadBytes" : 256222482,
		"totalDownloadBytes" : 2808365413
	},
	"67.21.94.192" : {
		"totalUploadBytes" : 1082647,
		"totalDownloadBytes" : 87413805
	},
	"50.7.12.147" : {
		"totalUploadBytes" : 777775,
		"totalDownloadBytes" : 18690045
	},
	"172.105.217.183" : {
		"totalUploadBytes" : 26663,
		"totalDownloadBytes" : 109227
	},
	"sakura-hkt-v1-hk-02.jcss.pw" : {
		"totalUploadBytes" : 16761,
		"totalDownloadBytes" : 0
	},
	"172.104.178.102" : {
		"totalUploadBytes" : 117884,
		"totalDownloadBytes" : 55494217
	},
	"209.58.188.157" : {
		"totalUploadBytes" : 8048,
		"totalDownloadBytes" : 0
	},
	"45.79.79.37" : {
		"totalUploadBytes" : 296672,
		"totalDownloadBytes" : 23340119
	},
	"46.173.215.146" : {
		"totalUploadBytes" : 9518694,
		"totalDownloadBytes" : 169380439
	},
	"sakura-hkt-v1-hk-03.jcss.pw" : {
		"totalUploadBytes" : 159656,
		"totalDownloadBytes" : 19852
	},
	"45.79.75.86" : {
		"totalUploadBytes" : 478223,
		"totalDownloadBytes" : 2386014
	},
	"139.162.112.34" : {
		"totalUploadBytes" : 739441,
		"totalDownloadBytes" : 5894890
	}
}